name
"University of Alabama"
"University of Alabama at Birmingham"
"University of Alabama in Huntsville"
"Alabama Agricultural and Mechanical University"
"Alabama State University"
"Athens State University"
"Auburn University"
"Auburn University at Montgomery"
"Jacksonville State University"
"University of Montevallo"
"University of North Alabama"
"University of South Alabama"
"Troy University"
"Troy University at Dothan"
"Troy University at Montgomery"
"University of West Alabama"
"University of Alaska Fairbanks"
"University of Alaska Anchorage"
"University of Alaska Southeast"
"Arizona State University"
"Northern Arizona University"
"University of Arizona"
"University of Arkansas"
"University of Arkansas ,  Fort Smith"
"University of Arkansas at Little Rock"
"University of Arkansas for Medical Sciences"
"University of Arkansas at Monticello"
"University of Arkansas at Pine Bluff"
"Arkansas State University"
"Arkansas Tech University"
"University of Central Arkansas"
"Henderson State University"
"Southern Arkansas University"
"University of California, Berkeley"
"University of California, Davis"
"University of California, Irvine"
"University of California, Los Angeles"
"University of California, Merced"
"University of California, Riverside"
"University of California, San Diego"
"University of California, San Francisco"
"University of California, Santa Barbara"
"University of California, Santa Cruz"
"University of California, Hastings College of the Law"
"California State University, Bakersfield"
"California State University, Channel Islands"
"California State University, Chico"
"California State University, Dominguez Hills"
"California State University, East Bay"
"California State University, Fresno"
"California State University, Fullerton"
"Humboldt State University"
"California State University, Long Beach"
"California State University, Los Angeles"
"California Maritime Academy"
"California State University, Monterey Bay"
"California State University, Northridge"
"California State Polytechnic University, Pomona"
"California State University, Sacramento"
"California State University, San Bernardino"
"San Diego State University"
"San Francisco State University"
"San Jose State University"
"California Polytechnic State University, San Luis Obispo"
"California State University, San Marcos"
"Sonoma State University"
"California State University, Stanislaus"
"Adams State University"
"University of Colorado Boulder"
"University of Colorado Colorado Springs"
"University of Colorado Denver"
"Colorado Mesa University"
"Colorado School of Mines"
"Colorado State University"
"Colorado State University, Pueblo"
"CSU, Global Campus"
"Fort Lewis College"
"Metropolitan State University of Denver"
"University of Northern Colorado"
"Western State Colorado University"
"Central Connecticut State University"
"Eastern Connecticut State University"
"Southern Connecticut State University"
"Western Connecticut State University"
"University of Connecticut"
"UConn Avery Point Campus in Groton"
"UConn Graduate Business Campus in Hartford"
"UConn Greater Hartford Campus in West Hartford"
"UConn Stamford Campus in Stamford"
"UConn Torrington Campus in Torrington"
"UConn Waterbury Campus in Waterbury"
"University of Delaware"
"Delaware State University"
"University of the District of Columbia (UDC)"
"Florida A&M University"
"Florida Atlantic University"
"Florida Gulf Coast University"
"Florida International University"
"Florida Polytechnic University"
"Florida State University"
"New College of Florida"
"University of Central Florida"
"University of Florida"
"University of North Florida"
"University of South Florida"
"University of West Florida"
"Abraham Baldwin Agricultural College"
"Albany State University"
"Armstrong State University"
"Atlanta Metropolitan State College"
"Augusta University"
"Bainbridge State College"
"Clayton State University"
"College of Coastal Georgia"
"Columbus State University"
"Dalton State College"
"East Georgia State College"
"Fort Valley State University"
"University of Georgia"
"Georgia College and State University"
"Georgia Gwinnett College"
"Georgia Highlands College"
"Georgia Institute of Technology"
"Georgia Southern University"
"Georgia Southwestern State University"
"Georgia State University"
"Gordon State College"
"Kennesaw State University"
"Middle Georgia State University"
"University of North Georgia"
"Savannah State University"
"South Georgia State College"
"Valdosta State University"
"University of West Georgia"
"University of Guam"
"University of Hawaii system"
"University of Hawaii at Manoa"
"University of Hawaii at Hilo"
"University of Hawaii at West Oahu"
"Boise State University"
"University of Idaho"
"Idaho State University"
"Lewis-Clark State College"
"Chicago State University"
"Eastern Illinois University"
"Governors State University"
"Illinois State University"
"University of Illinois at Urbana, Champaign"
"University of Illinois at Chicago"
"University of Illinois at Springfield"
"Northeastern Illinois University"
"Northern Illinois University"
"Southern Illinois University Carbondale"
"Southern Illinois University Edwardsville"
"Western Illinois University"
"Western Illinois University-Quad Cities"
"Ball State University"
"Indiana University Bloomington"
"Indiana University East"
"Indiana University Kokomo"
"Indiana University Northwest"
"Indiana University South Bend"
"Indiana University Southeast"
"Indiana University ,  Purdue University Indianapolis"
"Indiana University ,  Purdue University Columbus"
"Indiana State University"
"Purdue University"
"Indiana University ,  Purdue University Fort Wayne"
"Purdue University Northwest"
"University of Southern Indiana"
"University of Iowa"
"Iowa State University"
"University of Northern Iowa"
"Emporia State University"
"Fort Hays State University"
"University of Kansas"
"Kansas State University"
"Pittsburg State University"
"Wichita State University"
"Eastern Kentucky University"
"University of Kentucky"
"Kentucky State University"
"University of Louisville"
"Morehead State University"
"Murray State University"
"Northern Kentucky University"
"Western Kentucky University"
"Louisiana State University and A&M College"
"Louisiana State University at Alexandria"
"Louisiana State University at Eunice"
"Louisiana State University in Shreveport"
"Louisiana State University Health Sciences Center Shreveport"
"Louisiana State University Health Sciences Center New Orleans"
"Paul M. Hebert Law Center"
"Grambling State University"
"Louisiana Tech University"
"McNeese State University"
"Nicholls State University"
"Northwestern State University"
"Southeastern Louisiana University"
"University of Louisiana at Lafayette"
"University of Louisiana at Monroe"
"University of New Orleans"
"Southern University"
"Southern University at New Orleans"
"Southern University at Shreveport"
"Maine Maritime Academy"
"University of Maine"
"University of Maine Law School"
"University of Maine at Augusta"
"University of Maine at Farmington"
"University of Maine at Fort Kent"
"University of Maine at Machias"
"University of Maine at Presque Isle"
"University of Southern Maine"
"Morgan State University"
"St. Mary's College of Maryland"
"University of Maryland, College Park (Maryland, UMCP, or UMD) (College Park - flagship/main campus)"
"Bowie State University"
"Coppin State University"
"Frostburg State University"
"Salisbury University"
"Towson University"
"University of Baltimore"
"University of Maryland, Baltimore"
"University of Maryland Baltimore County"
"University of Maryland Eastern Shore"
"University of Maryland University College"
"University of Maryland Center for Environmental Science"
"University of Maryland Biotechnology Institute"
"University of Massachusetts Amherst"
"University of Massachusetts Boston"
"University of Massachusetts Dartmouth"
"University of Massachusetts Lowell"
"University of Massachusetts Medical School"
"Bridgewater State University"
"Fitchburg State University"
"Framingham State University"
"Salem State University"
"Westfield State University"
"Worcester State University"
"Massachusetts College of Art and Design"
"Massachusetts College of Liberal Arts"
"Massachusetts Maritime Academy"
"Central Michigan University"
"Eastern Michigan University"
"Ferris State University"
"Grand Valley State University"
"Lake Superior State University"
"University of Michigan"
"University of Michigan-Dearborn"
"University of Michigan-Flint"
"Michigan State University"
"Michigan Technological University"
"Northern Michigan University"
"Oakland University"
"Saginaw Valley State University"
"Wayne State University"
"Western Michigan University"
"Bemidji State University"
"Minnesota State University, Mankato"
"Minnesota State University Moorhead"
"Metropolitan State University"
"Southwest Minnesota State University"
"St. Cloud State University"
"Winona State University"
"University of Minnesota Twin Cities"
"University of Minnesota Crookston"
"University of Minnesota Duluth"
"University of Minnesota Morris"
"University of Minnesota Rochester"
"Alcorn State University"
"Delta State University"
"Jackson State University"
"Mississippi State University"
"Mississippi University for Women"
"Mississippi Valley State University"
"University of Mississippi"
"University of Southern Mississippi"
"University of Central Missouri"
"Harris-Stowe State University"
"Lincoln University of Missouri"
"University of Missouri"
"University of Missouri, Kansas City"
"Missouri University of Science and Technology"
"University of Missouri, St. Louis"
"Missouri Southern State University"
"Missouri State University"
"Missouri Western State University"
"Northwest Missouri State University"
"Southeast Missouri State University"
"Truman State University"
"Montana State University"
"Montana State University Billings"
"Montana State University, Northern"
"University of Montana"
"Montana Tech of The University of Montana"
"University of Montana Western"
"Chadron State College"
"Peru State College"
"Wayne State College"
"University of Nebraska, Lincoln"
"University of Nebraska at Kearney"
"University of Nebraska at Omaha"
"University of Nebraska Medical Center"
"University of Nevada, Reno"
"College of Southern Nevada"
"Great Basin College"
"Nevada State College"
"University of Nevada, Las Vegas"
"Western Nevada College"
"Granite State College"
"Keene State College"
"Plymouth State University"
"University of New Hampshire"
"The College of New Jersey"
"Kean University"
"Montclair State University"
"New Jersey City University"
"New Jersey Institute of Technology"
"Ramapo College of New Jersey"
"Rowan University"
"Rowan University School of Osteopathic Medicine"
"Cooper Medical School of Rowan University"
"Rutgers, The State University of New Jersey system"
"Rutgers University"
"Rutgers, Newark"
"Rutgers, Camden"
"Rutgers Schools of Biomedical and Health Sciences"
"Stockton University"
"Thomas Edison State University"
"William Paterson University of New Jersey"
"University of New Mexico"
"New Mexico Institute of Mining and Technology"
"New Mexico State University"
"New Mexico Highlands University"
"Eastern New Mexico University"
"Western New Mexico University"
"University at Albany, State University of New York"
"Binghamton University"
"The State University of New York at Buffalo"
"Stony Brook University"
"Health Science Center Brooklyn"
"State University of New York Upstate Medical University"
"State University of New York Polytechnic Institute"
"New York State College of Ceramics"
"College of Agriculture and Life Sciences"
"College of Human Ecology"
"College of Veterinary Medicine"
"School of Industrial and Labor Relations"
"State University of New York College of Environmental Science and Forestry"
"State University of New York State College of Optometry"
"Buffalo State College"
"Empire State College"
"State University of New York at Brockport"
"State University of New York at Cortland"
"State University of New York at Fredonia"
"State University of New York at Geneseo"
"State University of New York at New Paltz"
"State University of New York at Old Westbury"
"State University of New York at Oneonta"
"State University of New York at Oswego"
"State University of New York at Plattsburgh"
"State University of New York at Potsdam"
"State University of New York at Purchase"
"Alfred State College"
"Fashion Institute of Technology"
"State University of New York at Canton"
"State University of New York at Cobleskill"
"State University of New York at Delhi"
"State University of New York at Farmingdale"
"Morrisville State College"
"State University of New York Maritime College"
"Baruch College"
"Brooklyn College"
"City College of New York"
"College of Staten Island"
"Hunter College"
"John Jay College of Criminal Justice"
"Lehman College"
"Medgar Evers College"
"New York City College of Technology"
"Queens College"
"Sophie Davis School of Biomedical Education"
"York College"
"CUNY Graduate Center"
"CUNY Graduate School of Journalism"
"CUNY School of Law"
"CUNY School of Professional Studies"
"CUNY School of Public Health"
"Sophie Davis School of Biomedical Education"
"William E. Macaulay Honors College"
"Appalachian State University"
"East Carolina University"
"Elizabeth City State University"
"Fayetteville State University"
"North Carolina A&T State University"
"North Carolina Central University"
"North Carolina State University"
"University of North Carolina at Asheville"
"University of North Carolina at Chapel Hill"
"University of North Carolina at Charlotte"
"University of North Carolina at Greensboro"
"University of North Carolina at Pembroke"
"University of North Carolina at Wilmington"
"University of North Carolina School of the Arts"
"Western Carolina University"
"Winston-Salem State University"
"Dickinson State University"
"Mayville State University"
"Minot State University"
"University of North Dakota"
"North Dakota State University"
"Valley City State University"
"Northern Marianas College"
"University of Akron"
"Bowling Green State University"
"BGSU Firelands"
"Central State University"
"University of Cincinnati"
"University of Cincinnati, Clermont College"
"University of Cincinnati, Raymond Walters College"
"Cleveland State University"
"Miami University"
"Miami University Hamilton"
"Miami University Middletown"
"Miami University Dolibois European Center"
"Ohio State University"
"Ohio State University Agricultural Technical Institute (Wooster)"
"Ohio State University, Lima Campus"
"Ohio State University, Mansfield Campus"
"Ohio State University, Marion Campus"
"Ohio State University, Newark Campus"
"Ohio University"
"Ohio University Chillicothe"
"Ohio University Eastern"
"Ohio University Lancaster"
"Ohio University Pickerington"
"Ohio University Proctorville"
"Ohio University Southern"
"Ohio University Zanesville"
"Shawnee State University"
"University of Toledo"
"Wright State University"
"Youngstown State University"
"Cameron University"
"University of Central Oklahoma"
"East Central University"
"Langston University"
"Northeastern State University"
"Northwestern Oklahoma State University"
"University of Oklahoma"
"University of Oklahoma-Tulsa"
"University of Oklahoma Health Sciences Center"
"Oklahoma Panhandle State University"
"Oklahoma State University - Stillwater"
"Oklahoma State University - Center for Health Sciences"
"Oklahoma State University - Okmulgee"
"Oklahoma State University - Oklahoma City"
"Oklahoma State University - Tulsa"
"Rogers State University"
"University of Science and Arts of Oklahoma"
"Southeastern Oklahoma State University"
"Southwestern Oklahoma State University"
"University of Oregon"
"Oregon Health and Science University"
"Oregon State University"
"Portland State University"
"Eastern Oregon University"
"Oregon Institute of Technology"
"Southern Oregon University"
"Western Oregon University"
"Pennsylvania State System of Higher Education"
"Bloomsburg University of Pennsylvania"
"California University of Pennsylvania"
"Cheyney University of Pennsylvania"
"Clarion University of Pennsylvania"
"Clarion University of Pennsylvania, Venango"
"East Stroudsburg University of Pennsylvania"
"Edinboro University of Pennsylvania"
"Indiana University of Pennsylvania"
"Indiana University of Pennsylvania, Academy of Culinary Arts"
"Indiana University of Pennsylvania, Armstrong"
"Indiana University of Pennsylvania, Northpointe"
"Indiana University of Pennsylvania, Punxsutawney"
"Kutztown University of Pennsylvania"
"Lock Haven University of Pennsylvania"
"Lock Haven University of Pennsylvania, Clearfield"
"Mansfield University of Pennsylvania"
"Millersville University of Pennsylvania"
"Shippensburg University of Pennsylvania"
"Slippery Rock University of Pennsylvania"
"West Chester University of Pennsylvania"
"Lincoln University"
"Penn State Abington"
"Penn State Altoona"
"Penn State Berks"
"Penn State Beaver"
"Penn State Brandywine"
"Penn State DuBois"
"Penn State Fayette, The Eberly Campus"
"Penn State Erie, The Behrend College"
"Penn State Greater Allegheny"
"Penn State Harrisburg"
"Penn State Hazleton"
"Penn State Lehigh Valley"
"Penn State Mont Alto"
"Penn State New Kensington"
"Penn State Schuylkill"
"Penn State Shenango"
"Penn State Wilkes-Barre"
"Penn State Worthington Scranton"
"Penn State York"
"Pennsylvania State University's special mission colleges"
"Penn State College of Medicine"
"Penn State Dickinson School of Law"
"Penn State Great Valley School of Graduate Professional Studies"
"Penn State World Campus"
"Temple University"
"Temple University Ambler"
"University of Pittsburgh at Bradford"
"University of Pittsburgh at Greensburg"
"University of Pittsburgh at Johnstown"
"University of Pittsburgh at Titusville"
"University of Puerto Rico at Rio Piedras"
"University of Puerto Rico at Aguadilla"
"University of Puerto Rico at Arecibo"
"University of Puerto Rico at Carolina"
"University of Puerto Rico at Cayey"
"University of Puerto Rico at Humacao"
"University of Puerto Rico at Mayagüez"
"University of Puerto Rico at Ponce"
"University of Puerto Rico at Utuado"
"University of Puerto Rico, Medical Sciences Campus"
"School of Plastic Arts of Puerto Rico"
"Conservatory of Music of Puerto Rico"
"Rhode Island College"
"University of Rhode Island"
"URI Feinstein Campus, Providence"
"URI Narragansett Bay Campus, Narragansett"
"URI W. Alton Jones Campus, West Greenwich"
"The Citadel"
"Clemson University"
"Coastal Carolina University"
"College of Charleston"
"Francis Marion University"
"Lander University"
"Medical University of South Carolina"
"University of South Carolina"
"University of South Carolina Aiken"
"University of South Carolina Beaufort"
"University of South Carolina Lancaster"
"University of South Carolina Salkehatchie"
"University of South Carolina Sumter"
"University of South Carolina Union"
"University of South Carolina Upstate"
"South Carolina State University"
"Winthrop University"
"Black Hills State University"
"Dakota State University"
"Northern State University"
"University of South Dakota"
"South Dakota School of Mines & Technology"
"South Dakota State University"
"University of Memphis"
"Austin Peay State University"
"East Tennessee State University"
"Middle Tennessee State University"
"Tennessee State University"
"Tennessee Technological University"
"University of Tennessee at Knoxville"
"University of Tennessee at Chattanooga"
"University of Tennessee at Martin"
"University of Tennessee Health Science Center"
"University of Tennessee Space Institute"
"University of Houston"
"University of Houston, Clear Lake"
"University of Houston, Downtown"
"University of Houston, Victoria"
"Midwestern State University"
"University of North Texas"
"University of North Texas at Dallas"
"Stephen F. Austin State University"
"The University of Texas"
"The University of Texas at Arlington"
"The University of Texas at Dallas"
"The University of Texas at El Paso"
"The University of Texas of the Permian Basin"
"The University of Texas Rio Grande Valley"
"The University of Texas at San Antonio"
"The University of Texas at Tyler"
"University of Texas MD Anderson Cancer Center"
"University of Texas Medical Branch"
"University of Texas Southwestern Medical Center"
"University of Texas Health Science Center at Houston"
"University of Texas Health Science Center at San Antonio"
"University of Texas Health Science Center at Tyler"
"Texas A&M University"
"Prairie View A&M University"
"Tarleton State University"
"Texas A&M International University"
"Texas A&M University, Central Texas"
"Texas A&M University, Commerce"
"Texas A&M University, Corpus Christi"
"Texas A&M University, Kingsville"
"Texas A&M University, San Antonio"
"Texas A&M University, Texarkana"
"West Texas A&M University"
"Texas Southern University"
"Lamar University"
"Sam Houston State University"
"Sul Ross State University"
"Texas State University"
"Angelo State University"
"Texas Tech University"
"Texas Woman's University"
"Dixie State University"
"Southern Utah University"
"University of Utah"
"Utah State University"
"Utah Valley University"
"Weber State University"
"Castleton University"
"Johnson State College"
"Lyndon State College"
"University of Vermont"
"Christopher Newport University"
"Eastern Virginia Medical School"
"George Mason University"
"James Madison University"
"Longwood University"
"University of Mary Washington"
"Norfolk State University"
"Old Dominion University"
"Radford University"
"University of Virginia"
"University of Virginia's College at Wise"
"Virginia Commonwealth University"
"Virginia Military Institute"
"Virginia Polytechnic Institute and State University"
"Virginia, Maryland College of Veterinary Medicine"
"Virginia State University"
"The College of William & Mary"
"University of the Virgin Islands - St. Croix campus"
"University of the Virgin Islands - St. Thomas campus"
"Central Washington University"
"Eastern Washington University"
"The Evergreen State College"
"University of Washington"
"UW Tacoma campus"
"UW Bothell campus"
"Washington State University"
"WSU Spokane campus"
"WSU Tri-Cities campus"
"WSU Vancouver campus"
"Western Washington University"
"Bluefield State College"
"Concord University"
"Fairmont State University"
"Glenville State College"
"Marshall University Graduate College"
"Shepherd University"
"West Liberty University"
"West Virginia University"
"Potomac State College of West Virginia University"
"West Virginia University Institute of Technology"
"West Virginia School of Osteopathic Medicine"
"West Virginia State University"
"University of Wisconsin, Madison"
"University of Wisconsin, Eau Claire"
"University of Wisconsin, Green Bay"
"University of Wisconsin, La Crosse"
"University of Wisconsin, Milwaukee"
"University of Wisconsin, Oshkosh"
"University of Wisconsin, Parkside"
"University of Wisconsin, Platteville"
"University of Wisconsin, River Falls"
"University of Wisconsin, Stevens Point"
"University of Wisconsin, Stout"
"University of Wisconsin, Superior"
"University of Wisconsin, Whitewater"
"University of Wyoming"
